age,monthly_spending,months_as_customer,support_tickets,used_mobile_app,churned
56,120.54,5,2,0,1
69,71.22,65,5,0,0
46,75.77,30,9,1,1
32,94.14,21,9,0,1
60,33.41,70,4,1,0
25,84.75,22,1,1,0
38,65.95,72,8,0,1
56,85.67,32,7,0,1
36,50.36,33,2,1,0
40,181.39,16,7,0,1
28,130.91,38,8,0,1
28,145.45,14,2,0,0
41,164.16,36,2,0,0
53,114.74,23,1,1,0
57,44.78,66,7,1,0
41,121.31,2,9,1,1
20,129.76,65,0,1,0
39,156.72,67,7,0,1
19,103.38,52,6,0,0
41,51.69,62,6,1,1
61,78.24,23,2,1,0
47,91.72,26,0,0,1
55,139.81,68,3,1,0
19,127.03,55,8,1,1
38,90.54,6,4,0,1
50,197.71,35,0,1,0
29,132.98,22,4,0,1
39,70.33,43,7,0,0
61,47.3,15,7,1,1
42,55.99,60,4,0,1
66,71.81,12,8,1,1
44,57.32,49,0,0,0
59,61.72,42,3,1,0
45,78.47,38,2,1,0
33,59.47,45,1,1,0
32,182.45,35,7,0,1
64,43.64,30,6,0,1
68,119.17,30,8,1,1
61,99.77,6,1,0,0
69,197.0,67,3,1,0
20,49.05,7,5,1,1
54,97.64,52,2,0,0
68,194.81,14,7,1,1
24,177.14,15,2,0,1
38,168.9,21,1,1,0
26,73.84,35,2,0,0
56,59.05,66,5,1,1
35,143.67,2,1,1,0
21,187.99,35,7,0,1
42,124.65,20,0,1,1
31,127.17,10,6,1,0
67,77.6,25,1,0,0
26,160.81,66,9,1,1
43,61.8,25,5,0,1
19,85.03,54,1,1,0
37,102.32,33,1,0,0
45,116.29,36,9,1,1
64,71.21,14,7,1,1
24,49.52,65,1,1,0
61,133.81,54,6,0,0
25,79.07,52,2,0,1
64,128.81,3,7,0,1
52,56.24,41,6,0,1
31,111.79,6,7,1,1
34,120.54,25,6,1,0
53,38.81,13,5,0,0
67,87.22,8,6,0,1
57,52.85,21,4,0,0
21,40.77,68,6,1,0
19,198.29,25,0,0,0
23,84.8,68,0,0,0
59,167.68,45,8,1,1
21,73.29,60,4,1,0
46,145.86,12,4,0,1
35,159.24,32,2,1,0
43,131.26,13,4,0,0
61,110.17,31,2,1,0
51,100.01,20,8,0,1
27,89.31,18,8,0,1
53,188.02,60,5,0,0
31,171.21,63,0,0,0
48,194.05,6,6,1,1
65,51.13,32,6,1,0
32,154.25,43,9,1,1
25,189.52,2,9,1,1
31,60.81,60,3,0,1
40,41.3,23,7,0,1
57,155.99,31,5,1,0
38,127.66,5,3,1,0
33,173.11,34,3,1,0
62,53.76,10,1,1,0
35,165.2,2,1,1,0
64,64.28,11,3,0,1
41,57.82,50,4,0,1
43,57.93,31,7,0,1
42,168.48,56,5,1,0
62,143.08,9,3,1,0
58,118.92,21,6,1,0
46,91.0,28,7,1,0
32,179.12,62,1,0,0
62,96.72,7,6,0,0
18,168.82,16,1,1,0
42,104.65,4,1,0,0
24,94.08,4,7,0,1
26,108.66,40,1,1,0
41,81.23,17,8,1,1
18,157.09,52,0,1,0
61,115.46,52,8,1,1
25,69.48,36,0,1,0
41,182.93,38,9,1,0
28,95.26,50,9,0,1
68,122.4,63,1,0,1
34,184.1,63,5,1,0
25,136.12,62,5,0,0
52,49.87,7,0,1,0
52,189.77,27,6,1,0
50,136.71,14,7,1,1
22,86.93,71,1,1,0
59,53.68,5,7,0,1
56,164.98,55,8,1,0
58,135.41,2,5,0,0
45,120.69,62,4,1,0
24,181.96,21,8,1,1
26,164.06,21,8,1,1
25,55.78,10,0,0,0
29,82.99,58,2,1,0
51,72.24,39,8,1,0
50,156.47,5,1,1,1
65,35.7,65,3,0,0
40,126.88,13,3,0,1
41,159.62,53,1,0,0
54,179.05,45,2,1,0
52,88.15,32,2,0,0
61,169.61,36,0,1,0
57,48.81,60,5,0,0
39,173.9,11,7,0,1
44,51.67,63,2,1,0
52,97.54,21,4,0,0
18,165.54,52,0,1,0
52,55.49,55,9,1,1
54,68.97,26,6,0,1
64,152.78,68,9,1,1
31,152.41,34,0,1,0
20,139.0,52,8,0,1
18,147.97,52,7,0,1
22,122.26,29,6,1,1
43,72.81,38,9,0,1
31,88.77,42,6,1,1
56,60.87,21,4,1,0
44,184.44,42,4,0,1
26,129.18,13,4,0,1
32,98.14,64,0,0,0
32,108.54,17,7,0,1
43,191.04,9,0,1,1
59,56.07,41,3,1,0
30,129.66,1,8,0,1
68,116.0,2,8,0,1
49,133.95,60,4,1,0
56,33.08,48,3,1,0
66,178.26,29,2,1,1
69,188.46,10,2,1,0
49,126.07,58,4,0,0
21,148.43,60,9,1,1
47,186.82,21,0,1,0
54,150.23,28,4,0,0
40,55.93,34,5,1,1
56,127.97,8,6,1,0
62,133.14,59,8,0,1
32,102.1,72,2,0,0
60,155.2,49,1,0,0
46,188.84,17,2,1,0
53,187.35,60,8,1,1
30,106.64,45,6,0,1
49,49.25,69,8,0,1
24,197.42,32,1,1,0
68,172.61,44,4,0,0
39,51.19,65,3,0,1
45,186.54,8,1,0,0
19,177.88,72,8,1,1
59,118.2,43,8,1,1
62,130.52,1,5,1,1
23,97.83,51,5,1,0
45,39.31,24,7,1,1
45,86.98,24,5,1,0
61,166.49,17,0,0,0
61,30.79,5,3,1,0
37,86.69,20,6,1,1
47,97.69,21,1,0,0
28,121.36,58,8,1,1
45,186.38,31,7,1,1
42,88.88,11,7,0,1
56,88.98,52,6,0,1
50,155.38,15,3,0,1
18,106.88,7,1,1,0
44,68.18,28,2,0,1
69,106.91,51,5,1,1
30,53.95,58,4,1,1
58,59.99,5,7,1,0
20,114.72,5,5,1,1
56,101.22,8,5,0,1
23,185.52,64,0,0,0
25,91.61,10,3,1,0
44,128.7,38,4,0,1
26,137.48,8,2,1,0
54,32.23,25,8,1,0
50,142.8,66,0,1,0
68,60.27,50,5,0,0
59,193.38,67,5,1,0
61,55.27,49,9,1,1
41,100.49,36,4,0,1
32,44.51,68,4,0,0
49,199.47,41,9,0,1
49,115.37,62,4,0,1
41,131.22,10,5,1,1
58,41.4,21,7,0,1
69,157.49,36,1,1,0
66,65.68,12,5,0,0
66,182.67,2,0,0,0
69,64.87,13,3,0,1
29,62.42,53,9,0,1
56,36.21,32,2,0,0
19,110.25,16,8,0,1
20,126.02,32,2,1,0
66,41.17,32,5,0,0
54,161.84,11,0,0,1
66,107.06,10,5,0,1
34,119.15,15,3,0,0
66,104.93,17,7,1,1
19,98.13,40,8,0,1
19,125.14,18,3,0,0
45,56.39,55,9,0,1
40,60.93,25,9,0,1
54,176.5,59,5,1,0
49,190.84,22,0,0,1
50,93.46,30,3,1,0
18,76.03,44,6,0,1
36,139.48,32,0,1,0
19,99.48,51,7,1,1
61,34.32,46,9,0,1
43,56.55,21,5,0,1
49,151.72,32,4,1,1
23,142.02,39,9,1,1
49,34.61,12,8,0,1
21,67.74,47,1,1,1
28,69.28,18,4,1,1
34,144.22,21,5,1,0
55,33.35,13,6,0,1
41,47.7,21,4,1,1
22,165.99,8,8,1,1
69,60.35,46,0,1,0
51,140.97,7,6,0,1
23,70.49,23,9,0,1
39,46.91,22,6,1,1
28,71.34,22,3,0,1
65,152.79,29,8,1,1
33,175.47,13,4,0,1
50,171.14,2,3,0,0
26,97.52,29,6,1,1
23,143.57,52,3,0,0
33,64.85,27,2,0,0
46,79.84,50,8,0,1
20,182.38,23,7,1,1
37,32.21,44,0,0,0
53,44.54,22,6,0,0
36,65.34,43,8,1,0
43,34.51,37,7,0,1
20,60.84,61,7,0,1
36,129.12,56,5,0,1
37,101.64,3,3,0,1
49,181.75,63,7,0,1
24,168.97,19,2,1,1
69,88.11,23,8,1,1
58,74.1,29,1,0,0
50,94.55,30,1,0,1
57,130.35,39,6,0,0
56,75.57,25,9,1,1
35,136.11,8,3,1,0
57,99.6,58,9,0,1
18,123.85,16,7,0,1
28,104.14,72,8,1,1
45,80.06,1,6,0,1
42,191.24,5,4,1,0
67,159.81,3,7,1,0
40,53.82,65,3,0,0
48,177.64,4,1,1,0
47,112.86,64,5,0,0
59,182.07,10,8,0,1
52,165.98,21,0,0,0
24,102.29,46,9,0,1
33,33.82,27,6,0,1
43,75.68,66,9,0,1
65,122.08,41,8,1,1
69,137.69,13,9,1,0
66,73.84,9,8,1,1
19,53.69,36,9,1,1
18,171.94,58,2,0,0
65,197.35,54,4,1,0
29,119.37,12,7,1,1
22,59.19,14,7,1,1
54,76.29,34,3,0,1
49,33.13,53,0,1,0
26,185.43,20,0,0,0
58,50.02,16,3,1,1
52,128.01,70,5,0,0
36,76.59,56,7,0,1
65,124.21,58,5,1,0
33,140.74,4,8,0,1
20,171.06,4,8,0,1
37,65.09,20,1,1,0
41,31.87,10,9,1,1
50,53.27,24,0,1,0
41,183.0,26,1,0,0
69,178.56,37,4,0,1
28,131.56,54,3,0,0
66,132.09,21,3,1,0
25,143.06,38,8,0,1
53,59.81,46,7,0,1
55,185.45,4,5,0,0
57,101.19,60,0,0,1
37,95.13,57,1,0,0
52,118.22,45,5,0,0
65,37.98,20,1,0,1
42,58.27,17,9,1,1
52,155.47,71,4,1,1
42,44.08,4,4,1,1
46,132.54,14,5,0,1
35,71.71,3,5,0,1
63,96.18,58,5,1,1
35,79.08,55,1,0,0
19,90.46,4,9,1,1
52,152.24,24,2,0,0
33,80.51,34,5,0,0
58,126.29,30,7,1,1
53,110.93,19,0,1,1
50,142.82,31,0,1,0
21,189.26,60,1,1,0
50,154.54,60,5,1,0
31,66.54,19,8,0,1
38,35.3,49,3,0,1
65,74.58,63,2,0,1
37,131.16,22,7,1,0
25,38.74,24,9,1,1
24,114.38,30,8,1,1
20,131.46,58,4,1,1
34,86.82,31,8,1,0
50,161.06,64,1,1,0
65,48.12,19,2,0,0
29,42.77,48,6,0,1
68,153.79,45,6,0,0
39,114.23,55,5,0,0
39,147.03,55,5,0,1
63,103.92,18,1,1,0
47,71.89,63,9,1,0
55,169.25,47,5,1,0
55,165.9,57,3,1,0
62,148.1,45,2,1,0
68,76.26,33,1,1,0
25,130.34,17,0,0,0
44,91.37,70,4,1,1
44,45.57,4,1,1,1
51,185.94,20,1,1,0
38,53.26,47,6,1,1
47,191.54,15,7,0,1
50,105.82,70,9,0,1
45,61.47,47,7,1,1
64,122.12,9,3,0,0
50,178.4,16,0,0,1
22,154.48,69,6,1,0
65,167.12,61,0,1,0
36,141.99,10,3,1,0
21,147.69,50,7,1,1
52,174.36,3,1,1,0
66,72.44,70,5,0,0
34,113.2,51,5,1,1
61,67.61,19,8,1,1
45,197.9,42,4,1,0
47,190.49,35,9,0,1
46,36.7,46,3,1,1
63,149.95,26,4,1,0
23,187.29,69,9,1,1
52,60.7,64,4,0,0
58,126.55,37,7,1,1
54,185.63,49,9,1,1
41,35.77,21,7,1,0
46,148.56,64,1,0,0
66,80.55,5,6,1,0
63,187.15,70,7,1,1
48,195.08,4,5,1,0
52,190.53,39,4,0,0
50,110.62,35,8,1,1
69,176.55,1,2,1,0
38,173.57,24,9,1,1
49,84.25,57,3,0,1
40,170.92,70,8,0,1
50,36.29,41,5,1,1
20,131.37,54,7,0,1
35,69.1,46,6,0,0
42,50.5,60,1,0,0
59,43.08,60,2,1,0
48,148.37,57,0,1,0
20,87.78,31,8,0,1
57,153.21,24,6,0,0
63,41.11,36,0,0,0
41,83.6,30,2,1,0
67,121.71,24,3,1,0
49,164.42,30,3,0,1
64,84.19,7,4,0,1
39,136.4,35,2,0,0
40,180.62,55,2,0,0
19,134.7,14,0,1,0
44,69.6,10,6,0,1
59,34.15,16,9,1,0
19,177.92,54,0,0,1
43,33.62,70,1,0,0
34,178.7,44,3,0,0
57,119.92,45,3,0,0
50,189.64,56,4,0,1
26,165.79,57,1,1,0
60,199.65,21,3,0,1
65,89.62,68,0,0,0
56,160.42,50,1,0,0
46,98.33,33,0,1,0
59,111.58,7,9,1,1
43,136.68,70,9,1,1
52,178.53,15,3,1,1
67,197.29,32,3,0,1
42,160.61,20,6,0,1
41,101.02,15,9,0,1
30,101.63,48,8,1,1
24,155.39,71,8,0,0
53,70.59,21,4,0,0
62,48.78,42,9,1,1
37,90.29,26,0,1,0
18,78.83,14,0,1,0
25,80.37,57,5,0,0
63,69.71,37,1,0,0
33,37.16,58,7,1,0
31,33.04,21,8,0,0
29,197.91,69,3,1,1
68,102.72,3,4,1,1
40,95.34,37,7,0,1
32,145.54,49,2,1,1
45,67.1,19,4,1,1
51,191.49,12,2,1,1
19,163.68,61,9,0,1
49,45.2,41,2,1,0
40,100.99,33,2,1,0
39,179.45,50,6,1,1
68,190.6,68,6,1,1
42,109.46,71,6,1,0
39,134.28,33,9,1,1
39,58.4,24,7,1,1
66,198.5,61,4,0,1
69,69.38,61,4,0,0
59,190.26,28,3,1,0
23,140.44,58,6,0,1
32,133.32,43,9,0,1
60,117.16,41,3,1,0
54,69.21,39,1,0,0
50,60.01,49,3,1,0
25,67.48,17,7,1,0
61,61.69,70,8,1,0
61,162.53,70,2,1,0
22,89.52,65,6,1,1
56,39.83,5,8,0,1
21,194.75,2,3,1,0
23,180.24,22,9,0,1
62,187.72,57,2,1,0
49,199.13,66,4,1,0
69,59.56,16,0,1,0
47,97.36,51,2,0,0
64,158.9,39,7,1,0
52,148.32,40,7,1,1
57,56.16,38,3,1,0
69,168.69,60,1,1,0
33,68.15,59,7,0,1
30,68.05,10,7,1,1
67,121.29,64,9,0,1
59,130.8,63,3,1,1
47,128.61,49,2,0,0
36,45.55,64,1,0,0
34,179.17,32,8,1,1
36,75.15,7,0,1,0
45,52.02,21,6,0,1
43,181.09,20,4,1,1
54,192.46,26,7,1,1
43,176.56,68,3,1,0
40,167.62,15,6,0,1
26,141.39,14,4,1,0
29,123.65,27,4,1,0
18,44.79,40,8,1,1
18,99.44,58,8,0,1
64,93.36,28,8,1,1
51,74.16,26,5,0,0
49,152.98,63,5,1,0
65,114.3,66,4,0,0
42,43.78,25,8,1,1
57,67.43,3,9,1,0
62,146.15,72,7,0,1
18,42.94,44,6,0,0
33,174.71,42,6,0,1
56,114.17,6,5,1,0
22,111.7,39,4,1,0
39,130.71,52,3,1,0
46,170.2,23,2,1,0
20,89.13,50,2,0,0
29,145.26,43,5,1,0
43,126.17,19,3,1,0
33,75.39,69,5,1,1
68,179.37,51,2,1,1
54,165.56,11,3,1,0
39,141.94,12,8,1,1
46,174.6,8,4,1,0
31,177.44,24,6,0,1
45,150.42,41,9,1,1
22,172.29,36,1,1,1
64,148.57,72,4,1,0
66,145.62,55,8,1,1
47,135.16,9,2,0,1
63,157.96,47,8,0,1
69,56.96,15,5,0,1
22,179.75,48,3,0,0
29,178.21,42,6,0,0
33,34.97,60,7,0,1
43,170.39,70,5,1,1
43,51.91,12,4,0,1
65,86.97,2,5,0,0
38,156.4,7,4,1,1
56,57.33,3,7,0,1
53,169.05,3,0,1,1
50,171.46,27,6,1,1
47,116.27,40,9,0,1
54,31.09,33,9,1,1
40,78.8,1,1,0,0
27,134.88,8,8,0,1
22,196.8,32,0,1,0
53,137.41,48,9,1,1
51,74.17,4,5,0,1
69,137.78,70,8,1,1
48,121.8,19,0,1,0
27,162.57,32,3,0,1
36,48.19,9,3,0,0
49,159.37,12,8,1,0
18,122.02,11,4,0,1
22,193.71,46,4,0,1
62,88.12,16,5,0,1
21,137.55,1,0,0,0
33,188.44,63,0,0,0
41,47.43,21,8,0,1
33,189.33,30,2,0,0
19,146.94,13,3,1,1
66,41.53,34,0,0,0
45,81.16,4,8,1,1
49,150.39,28,7,1,1
44,41.45,59,1,1,0
37,128.97,27,7,0,0
41,88.8,69,6,0,1
29,135.56,25,5,1,0
67,37.78,3,0,0,0
52,178.16,68,6,1,0
50,195.49,25,9,0,1
50,194.71,20,6,0,0
68,157.44,34,8,1,0
60,52.11,26,0,1,0
54,158.9,5,1,1,0
29,34.18,61,8,0,0
20,33.76,9,8,1,1
18,85.01,50,5,0,1
50,113.07,6,5,0,1
57,160.97,60,3,0,0
27,146.16,44,3,1,0
60,105.8,11,4,1,1
61,76.52,66,2,1,0
46,199.51,47,0,0,0
30,102.45,3,0,0,0
29,106.74,30,6,1,0
48,57.82,21,0,0,1
63,165.12,28,0,0,1
19,147.93,62,2,1,0
68,67.53,33,9,1,1
67,44.0,35,3,1,0
52,145.68,52,3,0,0
40,141.27,34,1,0,0
34,76.45,41,0,0,0
43,191.65,51,2,0,0
25,55.68,47,3,0,1
46,103.5,58,2,1,0
43,190.41,57,7,0,1
27,101.35,23,9,0,1
43,138.55,48,0,0,1
51,97.59,22,1,1,0
68,76.62,17,6,1,0
58,197.28,69,3,1,1
24,99.59,11,7,0,1
21,182.0,15,2,1,0
67,69.09,35,5,1,0
62,66.23,33,8,1,1
28,35.29,16,0,0,0
46,140.78,34,0,1,0
53,92.65,66,7,0,0
42,176.94,40,2,0,1
38,110.45,28,4,1,1
53,194.59,47,0,0,0
27,61.54,39,4,1,1
54,177.67,70,5,0,1
26,162.02,20,7,1,1
41,161.06,1,2,1,0
52,173.61,72,2,1,0
66,159.37,63,9,0,1
52,136.46,67,8,1,0
65,52.31,4,3,0,1
53,35.53,58,3,1,0
35,186.54,25,6,0,1
66,134.83,47,1,0,0
56,165.41,38,7,1,1
49,111.86,15,5,1,1
41,49.94,63,2,1,0
40,51.28,21,8,1,1
49,146.55,57,4,1,0
54,103.15,53,7,0,1
29,64.09,46,6,1,0
66,113.57,14,7,1,0
30,40.92,17,6,0,1
40,128.94,39,2,1,1
42,75.73,9,1,1,0
52,165.59,6,6,0,0
58,82.76,23,2,1,0
47,107.39,59,2,1,0
34,31.98,46,1,1,0
66,42.32,38,3,0,0
37,96.72,14,7,1,1
65,111.59,72,0,0,0
42,132.0,62,0,1,0
39,79.58,35,4,0,1
30,148.15,19,4,1,0
36,176.22,30,0,0,1
66,162.57,25,5,0,1
53,36.74,40,0,0,0
29,111.69,14,4,0,0
58,47.84,26,8,0,1
36,71.15,22,4,0,1
29,197.73,48,5,1,1
26,54.22,51,7,1,0
24,114.81,3,0,0,1
45,135.09,42,1,0,0
31,149.42,19,8,0,1
48,125.14,28,2,0,1
69,31.66,45,5,1,1
36,85.5,71,4,0,0
64,118.01,63,1,1,0
33,44.94,19,6,1,0
22,89.61,47,3,0,0
52,35.64,14,0,0,1
29,43.36,38,3,1,0
42,97.48,53,5,1,0
69,52.56,61,6,0,1
38,126.48,36,6,0,1
53,147.21,40,6,0,0
40,166.1,30,2,1,1
33,64.03,9,5,1,0
56,58.47,64,7,0,1
62,47.78,33,3,1,0
59,138.19,52,7,1,0
56,150.1,14,1,0,0
31,35.37,53,9,0,1
48,189.16,59,8,1,0
22,38.84,41,8,1,0
52,122.02,68,7,0,0
40,150.54,68,9,0,1
46,178.06,8,9,0,1
60,151.39,2,0,0,0
28,166.29,41,1,0,0
35,87.71,55,5,1,0
64,168.52,16,9,1,1
29,43.62,62,4,1,0
26,182.12,48,8,1,1
27,123.09,30,4,0,0
61,168.94,12,1,0,1
34,106.89,35,9,0,1
55,139.41,11,3,1,1
24,119.49,64,8,1,1
63,154.37,50,0,1,0
30,43.88,21,0,0,0
57,40.26,69,6,1,0
59,72.01,48,2,0,0
26,57.12,20,9,0,1
67,178.2,67,1,0,0
44,67.27,44,8,0,1
19,195.9,33,2,0,0
22,87.27,61,1,0,0
46,60.96,9,7,1,1
54,164.25,68,9,0,1
55,141.98,35,5,0,1
36,114.69,65,5,1,1
25,124.41,8,9,0,1
65,152.26,45,6,1,0
62,68.84,47,6,1,1
18,199.38,40,5,1,0
39,195.71,54,3,0,0
69,140.56,46,8,0,1
34,63.92,47,5,1,1
24,145.64,15,3,0,1
42,42.27,19,2,0,1
62,35.21,26,3,1,0
21,73.81,52,2,1,0
53,108.65,22,1,0,0
23,177.61,21,4,1,1
48,153.62,51,1,1,0
36,156.26,38,5,1,0
61,102.33,20,2,0,0
56,88.81,29,5,0,1
44,93.08,51,9,0,1
27,197.9,4,8,1,1
43,36.82,55,0,0,0
36,177.4,71,5,1,0
56,128.37,28,8,0,1
20,104.56,4,3,0,1
62,153.29,22,1,1,0
30,112.73,45,3,0,0
67,178.48,67,0,1,0
45,183.12,66,2,0,0
37,101.69,34,9,0,1
45,77.06,55,8,1,1
25,130.7,1,9,1,1
58,185.1,72,4,1,0
56,65.81,38,5,0,1
18,135.9,6,2,0,1
20,137.37,25,4,0,0
30,154.63,17,7,1,1
45,52.37,61,5,1,0
66,151.69,12,3,1,0
42,184.54,6,1,0,0
50,60.55,27,8,0,1
55,70.38,8,0,1,0
23,195.14,65,0,0,0
61,60.77,57,3,1,0
62,175.25,40,6,0,1
49,113.69,14,0,0,0
62,72.03,35,8,1,1
64,178.03,48,3,0,1
38,105.7,56,2,0,0
33,117.52,49,0,1,0
38,91.07,13,9,1,1
28,130.8,61,3,0,1
54,57.8,49,8,1,1
53,96.48,46,9,0,1
52,194.8,62,5,1,0
36,73.88,8,5,0,1
37,141.65,43,0,0,0
35,85.28,20,9,1,0
64,161.49,39,1,0,0
58,52.25,49,5,0,1
66,194.87,64,1,1,0
31,107.14,62,2,1,0
32,70.13,54,3,0,0
48,42.49,9,4,1,1
18,58.86,37,8,1,1
20,118.36,49,3,0,1
33,87.29,41,8,0,0
40,170.91,17,9,1,1
28,103.25,21,2,1,0
29,72.28,51,7,1,0
27,134.91,59,0,0,0
49,150.15,39,8,0,1
33,58.4,55,8,0,1
25,58.5,41,9,0,1
55,36.23,39,1,0,0
29,155.19,13,3,0,1
41,142.85,64,7,0,1
45,110.69,11,6,1,0
25,173.51,19,0,1,0
45,166.96,11,4,0,1
53,129.51,46,6,0,1
43,177.61,45,3,0,0
25,64.99,1,0,1,1
67,49.03,40,8,0,1
45,75.86,19,4,1,0
45,39.7,72,1,1,0
54,120.3,72,7,1,1
58,189.22,61,1,1,0
53,36.69,12,2,1,1
44,50.76,61,9,0,1
34,106.87,33,0,0,0
26,188.76,45,1,1,0
50,83.75,69,6,0,0
37,116.23,8,9,1,1
30,37.07,25,1,1,0
45,55.22,46,5,0,1
65,197.73,30,2,0,0
46,194.07,47,3,0,0
30,30.84,49,7,0,0
63,191.81,47,2,0,0
52,138.65,18,9,1,1
23,177.55,66,5,0,0
35,107.31,68,0,0,0
68,117.65,33,6,0,1
22,113.1,36,7,1,1
64,143.37,19,7,0,1
42,53.74,28,2,1,0
19,35.1,40,9,0,1
27,82.35,15,0,0,0
47,149.8,41,8,1,1
67,64.32,39,5,0,0
62,144.48,2,8,0,1
22,194.89,63,6,1,1
50,45.96,29,0,0,1
18,144.34,66,0,1,0
35,105.44,51,5,1,1
49,177.58,10,4,1,0
64,60.12,14,8,1,1
66,147.75,51,1,1,0
28,172.48,39,7,0,1
38,190.58,28,4,0,0
43,146.15,3,1,0,1
42,114.52,70,9,1,1
39,135.03,27,5,1,1
44,177.71,2,9,1,1
66,127.0,38,7,1,0
30,35.17,3,3,0,1
50,188.26,16,1,0,0
51,147.22,40,4,1,1
58,145.01,2,1,1,1
52,66.66,41,1,0,1
18,142.01,12,5,1,1
38,96.96,35,9,1,0
65,140.71,65,8,1,1
23,48.12,55,3,0,1
45,141.83,45,5,0,1
34,199.9,62,6,1,0
22,38.2,49,5,0,0
48,196.12,25,7,1,1
22,99.17,23,3,1,0
55,178.03,24,0,0,0
20,163.01,38,6,1,1
40,126.39,28,2,1,0
54,155.54,21,5,0,1
54,179.35,54,1,1,0
27,98.7,18,8,1,1
27,85.6,36,0,1,0
36,143.49,45,5,0,1
34,167.33,53,5,1,1
38,159.59,30,4,0,0
31,165.63,60,4,1,0
26,104.05,32,0,1,0
63,169.03,67,9,1,0
18,50.44,67,4,1,1
68,122.56,28,1,0,0
62,30.98,44,6,0,1
30,85.18,41,2,1,0
21,92.3,63,3,1,0
18,97.35,23,2,1,0
66,148.23,48,2,1,0
57,96.05,32,3,1,1
49,106.28,57,4,1,1
51,70.38,33,0,1,0
45,93.45,24,3,1,0
48,68.64,39,7,0,1
25,42.44,34,9,0,1
56,132.59,56,6,0,0
43,143.6,28,8,1,1
51,135.31,37,4,1,0
20,108.79,7,9,1,1
67,94.56,68,3,0,0
29,176.77,37,7,1,1
18,118.24,56,8,0,1
61,111.46,65,6,1,1
22,34.36,65,6,0,0
47,88.01,47,4,0,0
47,94.63,20,3,0,1
34,97.8,19,9,1,1
65,128.63,29,0,0,0
64,120.71,60,9,1,0
40,133.34,18,9,1,1
32,160.03,35,6,1,1
54,168.21,43,0,1,0
38,152.08,11,0,1,0
31,192.44,49,4,0,1
19,33.1,38,8,1,1
28,63.28,64,5,1,0
68,31.29,69,2,1,0
56,140.07,8,2,1,1
55,182.67,34,6,1,1
51,71.39,48,5,0,0
55,187.6,56,8,0,1
67,40.25,65,5,1,1
51,188.85,31,4,0,1
35,89.78,4,9,0,0
47,47.24,50,6,1,1
32,112.6,69,0,0,1
44,73.65,30,6,1,0
68,78.43,59,2,0,0
51,82.24,67,8,0,1
69,166.51,45,5,0,1
55,121.66,4,8,1,1
50,82.92,26,4,0,1
41,133.76,27,6,0,1
32,151.75,46,3,1,0
47,76.35,64,6,1,0
59,100.3,51,0,0,0
68,50.72,50,6,1,0
34,60.8,6,7,0,1
22,145.79,59,4,0,0
46,60.84,15,1,1,0
21,119.28,30,4,1,0
27,150.54,42,5,1,1
34,48.17,37,1,0,0
27,126.44,42,5,1,0
34,73.62,35,5,0,1
37,193.7,6,0,1,0
41,112.2,68,0,0,1
22,167.02,18,9,1,0
51,123.54,29,2,0,1
23,37.38,59,9,1,1
19,137.64,47,9,0,1
30,191.74,17,2,1,0
60,132.27,22,3,1,1
60,169.26,68,1,0,0
65,180.32,69,8,1,0
28,68.77,37,9,0,1
68,66.05,49,6,0,0
64,133.87,13,6,1,1
40,99.87,34,5,0,1
33,172.78,53,2,1,0
48,183.0,51,5,1,0
28,90.08,3,7,0,1
33,70.27,42,7,1,0
25,162.69,32,8,0,1
21,76.72,51,0,0,0
57,169.84,46,0,1,0
21,102.04,21,2,1,0
42,143.48,44,2,0,1
20,46.24,11,9,0,1
49,136.06,68,7,1,0
20,106.8,1,9,1,0
44,129.72,63,0,1,0
46,58.56,24,1,1,0
49,155.27,13,1,0,1
67,176.68,11,2,1,0
68,66.85,51,5,0,1
36,46.27,17,0,0,0
38,34.02,24,1,1,0
22,139.14,19,0,0,1
35,133.21,37,4,1,0
45,122.94,8,6,0,1
59,69.43,28,7,1,0
39,96.45,5,9,0,1
38,131.06,17,0,0,0
23,114.45,36,6,1,0
18,197.92,19,4,1,0
22,53.19,64,9,0,1
58,148.17,11,0,0,0
29,98.73,54,2,1,0
43,102.79,45,6,0,0
63,151.99,47,9,1,1
51,147.71,12,0,0,1
66,198.51,21,6,1,0
31,51.83,11,4,0,0
43,47.7,5,0,1,0
62,153.14,56,0,1,0
44,128.33,20,0,0,0
26,76.61,41,8,1,1
43,43.5,46,2,0,1
64,44.56,12,4,1,0
39,182.01,70,9,1,1
64,62.62,17,8,1,1
47,84.97,19,5,0,0
60,68.53,26,8,1,0
65,90.35,48,7,0,1
34,41.8,52,7,1,0
43,118.24,70,0,0,0
53,41.49,55,8,0,1
18,166.06,33,5,0,0
25,69.73,62,8,1,1
66,121.8,23,2,0,1
52,179.61,15,2,1,0
69,140.65,27,5,0,1
32,120.6,64,8,0,0
64,85.14,51,6,0,1
39,86.61,53,2,0,1
31,143.81,51,2,1,1
43,199.0,47,1,0,0
45,142.51,4,8,0,1
40,124.82,7,2,1,0
31,154.21,35,4,0,1
41,109.08,48,8,0,1
19,40.22,72,7,0,1
62,125.59,45,1,0,0
43,192.8,72,2,1,0
31,59.8,19,1,1,1
68,147.3,63,7,0,0
24,64.16,38,5,1,1
20,121.09,67,5,1,0
64,46.43,59,8,0,0
40,106.56,69,7,1,1
63,158.55,13,3,0,0
60,89.09,47,3,1,1
64,143.03,61,8,1,1
62,165.23,31,0,1,0
35,187.62,22,1,0,1
55,69.89,43,1,1,1
